rosbagTimestamp,header,seq,stamp,secs,nsecs,frame_id,level,name,msg,file,function,line,topics
1722883526025076755,,35,,1722883526,14032077,'',2,"""/rosbag_recorder""","""Subscribing to /rosout_agg""","""/tmp/binarydeb/ros-noetic-rosbag-1.16.0/src/recorder.cpp""","""shared_ptr<ros",256,- /rosout
1722883526025088567,,36,,1722883526,15814814,'',2,"""/rosbag_recorder""","""Subscribing to /sick_lms_5xx/scan""","""/tmp/binarydeb/ros-noetic-rosbag-1.16.0/src/recorder.cpp""","""shared_ptr<ros",256,- /rosout
1722883526025090644,,37,,1722883526,17298271,'',2,"""/rosbag_recorder""","""Subscribing to /tf""","""/tmp/binarydeb/ros-noetic-rosbag-1.16.0/src/recorder.cpp""","""shared_ptr<ros",256,- /rosout
1722883526025092197,,38,,1722883526,18834473,'',2,"""/rosbag_recorder""","""Subscribing to /tire_radius/rear_left_wheel""","""/tmp/binarydeb/ros-noetic-rosbag-1.16.0/src/recorder.cpp""","""shared_ptr<ros",256,- /rosout
1722883526025094847,,39,,1722883526,20326276,'',2,"""/rosbag_recorder""","""Subscribing to /tire_radius/rear_right_wheel""","""/tmp/binarydeb/ros-noetic-rosbag-1.16.0/src/recorder.cpp""","""shared_ptr<ros",256,- /rosout
1722883526025096408,,40,,1722883526,22351249,'',2,"""/rosbag_recorder""","""Subscribing to /velodyne_packets""","""/tmp/binarydeb/ros-noetic-rosbag-1.16.0/src/recorder.cpp""","""shared_ptr<ros",256,- /rosout
1722883526027415192,,41,,1722883526,25326725,'',2,"""/rosbag_recorder""","""Recording to '/home/ivsg/mapping_van_2024-08-05-14-45-26_0.bag'.""","""/tmp/binarydeb/ros-noetic-rosbag-1.16.0/src/recorder.cpp""","""Recorder",450,- /rosout
1722883526267966527,,39,,1722883526,267611290,'',2,"""/sick_lms_5xx""","""Sending","""/home/ivsg/catkin_ws/src/sick_scan_xd/driver/src/sick_scan_common.cpp""","""SickScanCommon",1072,- /rosout
1722883526268805886,,40,,1722883526,268587423,'',2,"""/sick_lms_5xx""","""Receiving","""/home/ivsg/catkin_ws/src/sick_scan_xd/driver/src/sick_scan_common.cpp""","""SickScanCommon",1078,- /rosout
1722883526469067442,,41,,1722883526,468835700,'',2,"""/sick_lms_5xx""","""Sending","""/home/ivsg/catkin_ws/src/sick_scan_xd/driver/src/sick_scan_common.cpp""","""SickScanCommon",1072,- /rosout
1722883526469806986,,42,,1722883526,469684942,'',2,"""/sick_lms_5xx""","""Receiving","""/home/ivsg/catkin_ws/src/sick_scan_xd/driver/src/sick_scan_common.cpp""","""SickScanCommon",1078,- /rosout
1722883526670099264,,43,,1722883526,669890513,'',2,"""/sick_lms_5xx""","""Sending","""/home/ivsg/catkin_ws/src/sick_scan_xd/driver/src/sick_scan_common.cpp""","""SickScanCommon",1072,- /rosout
1722883526670989922,,44,,1722883526,670778463,'',2,"""/sick_lms_5xx""","""Receiving","""/home/ivsg/catkin_ws/src/sick_scan_xd/driver/src/sick_scan_common.cpp""","""SickScanCommon",1078,- /rosout
1722883526871133541,,45,,1722883526,870960338,'',2,"""/sick_lms_5xx""","""Sending","""/home/ivsg/catkin_ws/src/sick_scan_xd/driver/src/sick_scan_common.cpp""","""SickScanCommon",1072,- /rosout
1722883526871897902,,46,,1722883526,871769830,'',2,"""/sick_lms_5xx""","""Receiving","""/home/ivsg/catkin_ws/src/sick_scan_xd/driver/src/sick_scan_common.cpp""","""SickScanCommon",1078,- /rosout
1722883527072600275,,47,,1722883527,72383866,'',2,"""/sick_lms_5xx""","""Sending","""/home/ivsg/catkin_ws/src/sick_scan_xd/driver/src/sick_scan_common.cpp""","""SickScanCommon",1072,- /rosout
1722883527073314516,,48,,1722883527,73125358,'',2,"""/sick_lms_5xx""","""Receiving","""/home/ivsg/catkin_ws/src/sick_scan_xd/driver/src/sick_scan_common.cpp""","""SickScanCommon",1078,- /rosout
1722883527144918590,,1,,1722883527,144600868,'',2,"""/ntrip_client""","""Mapping Van is connected to the NTRIP Caster through PSU_TestTrack""","""ntrip_client_node.py""","""NTRIPClientNode.get""",123,- /ntrip_info
1722883527273804517,,49,,1722883527,273614817,'',2,"""/sick_lms_5xx""","""Sending","""/home/ivsg/catkin_ws/src/sick_scan_xd/driver/src/sick_scan_common.cpp""","""SickScanCommon",1072,- /rosout
1722883527274532875,,50,,1722883527,274416934,'',2,"""/sick_lms_5xx""","""Receiving","""/home/ivsg/catkin_ws/src/sick_scan_xd/driver/src/sick_scan_common.cpp""","""SickScanCommon",1078,- /rosout
1722883527275024734,,51,,1722883527,274860543,'',2,"""/sick_lms_5xx""","""Sending","""/home/ivsg/catkin_ws/src/sick_scan_xd/driver/src/sick_scan_common.cpp""","""SickScanCommon",1072,- /rosout
1722883527275847732,,52,,1722883527,275632465,'',2,"""/sick_lms_5xx""","""Receiving","""/home/ivsg/catkin_ws/src/sick_scan_xd/driver/src/sick_scan_common.cpp""","""SickScanCommon",1078,- /rosout
1722883527275855713,,53,,1722883527,275660468,'',2,"""/sick_lms_5xx""","""Angle resolution of scanner is 0.5 [deg]  (in 1/10000th deg","""/home/ivsg/catkin_ws/src/sick_scan_xd/driver/src/sick_scan_common.cpp""","""SickScanCommon",2825,- /rosout
1722883527275860450,,54,,1722883527,275673495,'',2,"""/sick_lms_5xx""","""[From","""/home/ivsg/catkin_ws/src/sick_scan_xd/driver/src/sick_scan_common.cpp""","""SickScanCommon",2827,- /rosout
1722883527275862732,,55,,1722883527,275684605,'',2,"""/sick_lms_5xx""","""MIN_ANG","""/home/ivsg/catkin_ws/src/sick_scan_xd/driver/src/sick_scan_common.cpp""","""SickScanCommon",2839,- /rosout
1722883527275864686,,56,,1722883527,275701609,'',2,"""/sick_lms_5xx""","""MAX_ANG","""/home/ivsg/catkin_ws/src/sick_scan_xd/driver/src/sick_scan_common.cpp""","""SickScanCommon",2840,- /rosout
1722883527275935051,,57,,1722883527,275716330,'',2,"""/sick_lms_5xx""","""Sending","""/home/ivsg/catkin_ws/src/sick_scan_xd/driver/src/sick_scan_common.cpp""","""SickScanCommon",1072,- /rosout
1722883527276712438,,58,,1722883527,276577734,'',2,"""/sick_lms_5xx""","""Receiving","""/home/ivsg/catkin_ws/src/sick_scan_xd/driver/src/sick_scan_common.cpp""","""SickScanCommon",1078,- /rosout
1722883527276720590,,59,,1722883527,276598174,'',2,"""/sick_lms_5xx""","""Sending","""/home/ivsg/catkin_ws/src/sick_scan_xd/driver/src/sick_scan_common.cpp""","""SickScanCommon",1072,- /rosout
1722883527277544447,,60,,1722883527,277394160,'',2,"""/sick_lms_5xx""","""Receiving","""/home/ivsg/catkin_ws/src/sick_scan_xd/driver/src/sick_scan_common.cpp""","""SickScanCommon",1078,- /rosout
1722883527277548910,,61,,1722883527,277418468,'',2,"""/sick_lms_5xx""","""Angle resolution of scanner is 0.5 [deg]  (in 1/10000th deg","""/home/ivsg/catkin_ws/src/sick_scan_xd/driver/src/sick_scan_common.cpp""","""SickScanCommon",3139,- /rosout
1722883527278572106,,62,,1722883527,278486864,'',2,"""/sick_lms_5xx""","""MIN_ANG (after command verification)","""/home/ivsg/catkin_ws/src/sick_scan_xd/driver/src/sick_scan_common.cpp""","""SickScanCommon",3171,- /rosout
1722883527278590344,,63,,1722883527,278502308,'',2,"""/sick_lms_5xx""","""MAX_ANG (after command verification)","""/home/ivsg/catkin_ws/src/sick_scan_xd/driver/src/sick_scan_common.cpp""","""SickScanCommon",3174,- /rosout
1722883527278856734,,64,,1722883527,278760455,'',2,"""/sick_lms_5xx""","""LMS 5xx detected overwriting output channel flag ID""","""/home/ivsg/catkin_ws/src/sick_scan_xd/driver/src/sick_scan_common.cpp""","""SickScanCommon",3214,- /rosout
1722883527278859763,,65,,1722883527,278774977,'',2,"""/sick_lms_5xx""","""LMS 5xx detected overwriting resolution flag (only 8 bit supported)""","""/home/ivsg/catkin_ws/src/sick_scan_xd/driver/src/sick_scan_common.cpp""","""SickScanCommon",3216,- /rosout
1722883527278861106,,66,,1722883527,278786356,'',2,"""/sick_lms_5xx""","""Reading safety fields""","""/home/ivsg/catkin_ws/src/sick_scan_xd/driver/src/sick_scan_common.cpp""","""SickScanCommon",3230,- /rosout
1722883527278863671,,67,,1722883527,278807316,'',2,"""/sick_lms_5xx""","""Sending","""/home/ivsg/catkin_ws/src/sick_scan_xd/driver/src/sick_scan_common.cpp""","""SickScanCommon",1072,- /rosout
1722883527280071638,,68,,1722883527,279890693,'',2,"""/sick_lms_5xx""","""Receiving","""/home/ivsg/catkin_ws/src/sick_scan_xd/driver/src/sick_scan_common.cpp""","""SickScanCommon",1078,- /rosout
1722883527280075507,,69,,1722883527,279914157,'',8,"""/sick_lms_5xx""","""SickScanFieldMonSingleton","""/home/ivsg/catkin_ws/src/sick_scan_xd/driver/src/sick_generic_field_mon.cpp""","""SickScanFieldMonSingleton",215,- /rosout
1722883527280077211,,70,,1722883527,279933755,'',2,"""/sick_lms_5xx""","""Sending","""/home/ivsg/catkin_ws/src/sick_scan_xd/driver/src/sick_scan_common.cpp""","""SickScanCommon",1072,- /rosout
1722883527281132436,,71,,1722883527,281012067,'',2,"""/sick_lms_5xx""","""Receiving","""/home/ivsg/catkin_ws/src/sick_scan_xd/driver/src/sick_scan_common.cpp""","""SickScanCommon",1078,- /rosout
1722883527281136435,,72,,1722883527,281032619,'',8,"""/sick_lms_5xx""","""SickScanFieldMonSingleton","""/home/ivsg/catkin_ws/src/sick_scan_xd/driver/src/sick_generic_field_mon.cpp""","""SickScanFieldMonSingleton",215,- /rosout
1722883527281137891,,73,,1722883527,281045908,'',2,"""/sick_lms_5xx""","""Sending","""/home/ivsg/catkin_ws/src/sick_scan_xd/driver/src/sick_scan_common.cpp""","""SickScanCommon",1072,- /rosout
1722883527282332165,,74,,1722883527,282164159,'',2,"""/sick_lms_5xx""","""Receiving","""/home/ivsg/catkin_ws/src/sick_scan_xd/driver/src/sick_scan_common.cpp""","""SickScanCommon",1078,- /rosout
1722883527282339485,,75,,1722883527,282184995,'',8,"""/sick_lms_5xx""","""SickScanFieldMonSingleton","""/home/ivsg/catkin_ws/src/sick_scan_xd/driver/src/sick_generic_field_mon.cpp""","""SickScanFieldMonSingleton",215,- /rosout
1722883527282349904,,76,,1722883527,282197824,'',2,"""/sick_lms_5xx""","""Sending","""/home/ivsg/catkin_ws/src/sick_scan_xd/driver/src/sick_scan_common.cpp""","""SickScanCommon",1072,- /rosout
1722883527283477676,,77,,1722883527,283281704,'',2,"""/sick_lms_5xx""","""Receiving","""/home/ivsg/catkin_ws/src/sick_scan_xd/driver/src/sick_scan_common.cpp""","""SickScanCommon",1078,- /rosout
1722883527283488758,,78,,1722883527,283301093,'',8,"""/sick_lms_5xx""","""SickScanFieldMonSingleton","""/home/ivsg/catkin_ws/src/sick_scan_xd/driver/src/sick_generic_field_mon.cpp""","""SickScanFieldMonSingleton",215,- /rosout
1722883527283496535,,79,,1722883527,283319485,'',2,"""/sick_lms_5xx""","""Sending","""/home/ivsg/catkin_ws/src/sick_scan_xd/driver/src/sick_scan_common.cpp""","""SickScanCommon",1072,- /rosout
1722883527284454341,,80,,1722883527,284366341,'',2,"""/sick_lms_5xx""","""Receiving","""/home/ivsg/catkin_ws/src/sick_scan_xd/driver/src/sick_scan_common.cpp""","""SickScanCommon",1078,- /rosout
1722883527284458724,,81,,1722883527,284387073,'',8,"""/sick_lms_5xx""","""SickScanFieldMonSingleton","""/home/ivsg/catkin_ws/src/sick_scan_xd/driver/src/sick_generic_field_mon.cpp""","""SickScanFieldMonSingleton",215,- /rosout
1722883527284460126,,82,,1722883527,284400416,'',2,"""/sick_lms_5xx""","""Sending","""/home/ivsg/catkin_ws/src/sick_scan_xd/driver/src/sick_scan_common.cpp""","""SickScanCommon",1072,- /rosout
1722883527285527025,,83,,1722883527,285415444,'',2,"""/sick_lms_5xx""","""Receiving","""/home/ivsg/catkin_ws/src/sick_scan_xd/driver/src/sick_scan_common.cpp""","""SickScanCommon",1078,- /rosout
1722883527285531372,,84,,1722883527,285435018,'',8,"""/sick_lms_5xx""","""SickScanFieldMonSingleton","""/home/ivsg/catkin_ws/src/sick_scan_xd/driver/src/sick_generic_field_mon.cpp""","""SickScanFieldMonSingleton",215,- /rosout
1722883527285532842,,85,,1722883527,285447401,'',2,"""/sick_lms_5xx""","""Sending","""/home/ivsg/catkin_ws/src/sick_scan_xd/driver/src/sick_scan_common.cpp""","""SickScanCommon",1072,- /rosout
1722883527286760263,,86,,1722883527,286690003,'',2,"""/sick_lms_5xx""","""Receiving","""/home/ivsg/catkin_ws/src/sick_scan_xd/driver/src/sick_scan_common.cpp""","""SickScanCommon",1078,- /rosout
1722883527286772315,,87,,1722883527,286709110,'',8,"""/sick_lms_5xx""","""SickScanFieldMonSingleton","""/home/ivsg/catkin_ws/src/sick_scan_xd/driver/src/sick_generic_field_mon.cpp""","""SickScanFieldMonSingleton",215,- /rosout
1722883527286774015,,88,,1722883527,286721821,'',2,"""/sick_lms_5xx""","""Sending","""/home/ivsg/catkin_ws/src/sick_scan_xd/driver/src/sick_scan_common.cpp""","""SickScanCommon",1072,- /rosout
1722883527287912534,,89,,1722883527,287773113,'',2,"""/sick_lms_5xx""","""Receiving","""/home/ivsg/catkin_ws/src/sick_scan_xd/driver/src/sick_scan_common.cpp""","""SickScanCommon",1078,- /rosout
1722883527287917234,,90,,1722883527,287792027,'',8,"""/sick_lms_5xx""","""SickScanFieldMonSingleton","""/home/ivsg/catkin_ws/src/sick_scan_xd/driver/src/sick_generic_field_mon.cpp""","""SickScanFieldMonSingleton",215,- /rosout
1722883527287918851,,91,,1722883527,287804480,'',2,"""/sick_lms_5xx""","""Sending","""/home/ivsg/catkin_ws/src/sick_scan_xd/driver/src/sick_scan_common.cpp""","""SickScanCommon",1072,- /rosout
1722883527288927578,,92,,1722883527,288858443,'',2,"""/sick_lms_5xx""","""Receiving","""/home/ivsg/catkin_ws/src/sick_scan_xd/driver/src/sick_scan_common.cpp""","""SickScanCommon",1078,- /rosout
1722883527288978447,,93,,1722883527,288878853,'',8,"""/sick_lms_5xx""","""SickScanFieldMonSingleton","""/home/ivsg/catkin_ws/src/sick_scan_xd/driver/src/sick_generic_field_mon.cpp""","""SickScanFieldMonSingleton",215,- /rosout
1722883527288982123,,94,,1722883527,288891177,'',2,"""/sick_lms_5xx""","""Sending","""/home/ivsg/catkin_ws/src/sick_scan_xd/driver/src/sick_scan_common.cpp""","""SickScanCommon",1072,- /rosout
1722883527290111933,,95,,1722883527,290044849,'',2,"""/sick_lms_5xx""","""Receiving","""/home/ivsg/catkin_ws/src/sick_scan_xd/driver/src/sick_scan_common.cpp""","""SickScanCommon",1078,- /rosout
1722883527290144265,,96,,1722883527,290061519,'',8,"""/sick_lms_5xx""","""SickScanFieldMonSingleton","""/home/ivsg/catkin_ws/src/sick_scan_xd/driver/src/sick_generic_field_mon.cpp""","""SickScanFieldMonSingleton",215,- /rosout
1722883527290148477,,97,,1722883527,290073128,'',2,"""/sick_lms_5xx""","""Sending","""/home/ivsg/catkin_ws/src/sick_scan_xd/driver/src/sick_scan_common.cpp""","""SickScanCommon",1072,- /rosout
1722883527290963636,,98,,1722883527,290764913,'',2,"""/sick_lms_5xx""","""Receiving","""/home/ivsg/catkin_ws/src/sick_scan_xd/driver/src/sick_scan_common.cpp""","""SickScanCommon",1078,- /rosout
1722883527290968411,,99,,1722883527,290780419,'',8,"""/sick_lms_5xx""","""SickScanFieldMonSingleton","""/home/ivsg/catkin_ws/src/sick_scan_xd/driver/src/sick_generic_field_mon.cpp""","""SickScanFieldMonSingleton",215,- /rosout
1722883527290969900,,100,,1722883527,290791329,'',2,"""/sick_lms_5xx""","""Sending","""/home/ivsg/catkin_ws/src/sick_scan_xd/driver/src/sick_scan_common.cpp""","""SickScanCommon",1072,- /rosout
1722883527291710866,,101,,1722883527,291550730,'',2,"""/sick_lms_5xx""","""Receiving","""/home/ivsg/catkin_ws/src/sick_scan_xd/driver/src/sick_scan_common.cpp""","""SickScanCommon",1078,- /rosout
1722883527291715808,,102,,1722883527,291570126,'',8,"""/sick_lms_5xx""","""SickScanFieldMonSingleton","""/home/ivsg/catkin_ws/src/sick_scan_xd/driver/src/sick_generic_field_mon.cpp""","""SickScanFieldMonSingleton",215,- /rosout
1722883527291717185,,103,,1722883527,291582553,'',2,"""/sick_lms_5xx""","""Sending","""/home/ivsg/catkin_ws/src/sick_scan_xd/driver/src/sick_scan_common.cpp""","""SickScanCommon",1072,- /rosout
1722883527292598972,,104,,1722883527,292388978,'',2,"""/sick_lms_5xx""","""Receiving","""/home/ivsg/catkin_ws/src/sick_scan_xd/driver/src/sick_scan_common.cpp""","""SickScanCommon",1078,- /rosout
1722883527292602315,,105,,1722883527,292407964,'',8,"""/sick_lms_5xx""","""SickScanFieldMonSingleton","""/home/ivsg/catkin_ws/src/sick_scan_xd/driver/src/sick_generic_field_mon.cpp""","""SickScanFieldMonSingleton",215,- /rosout
1722883527292603754,,106,,1722883527,292420627,'',2,"""/sick_lms_5xx""","""Sending","""/home/ivsg/catkin_ws/src/sick_scan_xd/driver/src/sick_scan_common.cpp""","""SickScanCommon",1072,- /rosout
1722883527293251685,,107,,1722883527,293151266,'',2,"""/sick_lms_5xx""","""Receiving","""/home/ivsg/catkin_ws/src/sick_scan_xd/driver/src/sick_scan_common.cpp""","""SickScanCommon",1078,- /rosout
1722883527293258160,,108,,1722883527,293170880,'',8,"""/sick_lms_5xx""","""SickScanFieldMonSingleton","""/home/ivsg/catkin_ws/src/sick_scan_xd/driver/src/sick_generic_field_mon.cpp""","""SickScanFieldMonSingleton",215,- /rosout
1722883527293262621,,109,,1722883527,293183315,'',2,"""/sick_lms_5xx""","""Sending","""/home/ivsg/catkin_ws/src/sick_scan_xd/driver/src/sick_scan_common.cpp""","""SickScanCommon",1072,- /rosout
1722883527294089150,,110,,1722883527,294030026,'',2,"""/sick_lms_5xx""","""Receiving","""/home/ivsg/catkin_ws/src/sick_scan_xd/driver/src/sick_scan_common.cpp""","""SickScanCommon",1078,- /rosout
1722883527294103493,,111,,1722883527,294049355,'',8,"""/sick_lms_5xx""","""SickScanFieldMonSingleton","""/home/ivsg/catkin_ws/src/sick_scan_xd/driver/src/sick_generic_field_mon.cpp""","""SickScanFieldMonSingleton",215,- /rosout
1722883527294162549,,112,,1722883527,294062530,'',2,"""/sick_lms_5xx""","""Sending","""/home/ivsg/catkin_ws/src/sick_scan_xd/driver/src/sick_scan_common.cpp""","""SickScanCommon",1072,- /rosout
1722883527294890940,,113,,1722883527,294760828,'',2,"""/sick_lms_5xx""","""Receiving","""/home/ivsg/catkin_ws/src/sick_scan_xd/driver/src/sick_scan_common.cpp""","""SickScanCommon",1078,- /rosout
1722883527294896272,,114,,1722883527,294781268,'',8,"""/sick_lms_5xx""","""SickScanFieldMonSingleton","""/home/ivsg/catkin_ws/src/sick_scan_xd/driver/src/sick_generic_field_mon.cpp""","""SickScanFieldMonSingleton",215,- /rosout
1722883527294897957,,115,,1722883527,294794124,'',2,"""/sick_lms_5xx""","""Sending","""/home/ivsg/catkin_ws/src/sick_scan_xd/driver/src/sick_scan_common.cpp""","""SickScanCommon",1072,- /rosout
1722883527295650810,,116,,1722883527,295539926,'',2,"""/sick_lms_5xx""","""Receiving","""/home/ivsg/catkin_ws/src/sick_scan_xd/driver/src/sick_scan_common.cpp""","""SickScanCommon",1078,- /rosout
1722883527295654824,,117,,1722883527,295559122,'',8,"""/sick_lms_5xx""","""SickScanFieldMonSingleton","""/home/ivsg/catkin_ws/src/sick_scan_xd/driver/src/sick_generic_field_mon.cpp""","""SickScanFieldMonSingleton",215,- /rosout
1722883527295656168,,118,,1722883527,295571650,'',2,"""/sick_lms_5xx""","""Sending","""/home/ivsg/catkin_ws/src/sick_scan_xd/driver/src/sick_scan_common.cpp""","""SickScanCommon",1072,- /rosout
1722883527296443169,,119,,1722883527,296348398,'',2,"""/sick_lms_5xx""","""Receiving","""/home/ivsg/catkin_ws/src/sick_scan_xd/driver/src/sick_scan_common.cpp""","""SickScanCommon",1078,- /rosout
1722883527296448680,,120,,1722883527,296368166,'',8,"""/sick_lms_5xx""","""SickScanFieldMonSingleton","""/home/ivsg/catkin_ws/src/sick_scan_xd/driver/src/sick_generic_field_mon.cpp""","""SickScanFieldMonSingleton",215,- /rosout
1722883527296453641,,121,,1722883527,296380749,'',2,"""/sick_lms_5xx""","""Sending","""/home/ivsg/catkin_ws/src/sick_scan_xd/driver/src/sick_scan_common.cpp""","""SickScanCommon",1072,- /rosout
1722883527297229398,,122,,1722883527,297092333,'',2,"""/sick_lms_5xx""","""Receiving","""/home/ivsg/catkin_ws/src/sick_scan_xd/driver/src/sick_scan_common.cpp""","""SickScanCommon",1078,- /rosout
1722883527297234604,,123,,1722883527,297108712,'',8,"""/sick_lms_5xx""","""SickScanFieldMonSingleton","""/home/ivsg/catkin_ws/src/sick_scan_xd/driver/src/sick_generic_field_mon.cpp""","""SickScanFieldMonSingleton",215,- /rosout
1722883527297237619,,124,,1722883527,297121450,'',2,"""/sick_lms_5xx""","""Sending","""/home/ivsg/catkin_ws/src/sick_scan_xd/driver/src/sick_scan_common.cpp""","""SickScanCommon",1072,- /rosout
1722883527298083624,,125,,1722883527,297920519,'',2,"""/sick_lms_5xx""","""Receiving","""/home/ivsg/catkin_ws/src/sick_scan_xd/driver/src/sick_scan_common.cpp""","""SickScanCommon",1078,- /rosout
1722883527298087850,,126,,1722883527,297940990,'',8,"""/sick_lms_5xx""","""SickScanFieldMonSingleton","""/home/ivsg/catkin_ws/src/sick_scan_xd/driver/src/sick_generic_field_mon.cpp""","""SickScanFieldMonSingleton",215,- /rosout
1722883527298089217,,127,,1722883527,297953847,'',2,"""/sick_lms_5xx""","""Sending","""/home/ivsg/catkin_ws/src/sick_scan_xd/driver/src/sick_scan_common.cpp""","""SickScanCommon",1072,- /rosout
1722883527298710641,,128,,1722883527,298620199,'',2,"""/sick_lms_5xx""","""Receiving","""/home/ivsg/catkin_ws/src/sick_scan_xd/driver/src/sick_scan_common.cpp""","""SickScanCommon",1078,- /rosout
1722883527298716745,,129,,1722883527,298639820,'',8,"""/sick_lms_5xx""","""SickScanFieldMonSingleton","""/home/ivsg/catkin_ws/src/sick_scan_xd/driver/src/sick_generic_field_mon.cpp""","""SickScanFieldMonSingleton",215,- /rosout
1722883527298720260,,130,,1722883527,298653310,'',2,"""/sick_lms_5xx""","""Sending","""/home/ivsg/catkin_ws/src/sick_scan_xd/driver/src/sick_scan_common.cpp""","""SickScanCommon",1072,- /rosout
1722883527299546512,,131,,1722883527,299418833,'',2,"""/sick_lms_5xx""","""Receiving","""/home/ivsg/catkin_ws/src/sick_scan_xd/driver/src/sick_scan_common.cpp""","""SickScanCommon",1078,- /rosout
1722883527299550864,,132,,1722883527,299436129,'',8,"""/sick_lms_5xx""","""SickScanFieldMonSingleton","""/home/ivsg/catkin_ws/src/sick_scan_xd/driver/src/sick_generic_field_mon.cpp""","""SickScanFieldMonSingleton",215,- /rosout
1722883527299555153,,133,,1722883527,299447627,'',2,"""/sick_lms_5xx""","""Sending","""/home/ivsg/catkin_ws/src/sick_scan_xd/driver/src/sick_scan_common.cpp""","""SickScanCommon",1072,- /rosout
1722883527300488511,,134,,1722883527,300292477,'',2,"""/sick_lms_5xx""","""Receiving","""/home/ivsg/catkin_ws/src/sick_scan_xd/driver/src/sick_scan_common.cpp""","""SickScanCommon",1078,- /rosout
1722883527300492347,,135,,1722883527,300308426,'',8,"""/sick_lms_5xx""","""SickScanFieldMonSingleton","""/home/ivsg/catkin_ws/src/sick_scan_xd/driver/src/sick_generic_field_mon.cpp""","""SickScanFieldMonSingleton",215,- /rosout
1722883527300493903,,136,,1722883527,300319246,'',2,"""/sick_lms_5xx""","""Sending","""/home/ivsg/catkin_ws/src/sick_scan_xd/driver/src/sick_scan_common.cpp""","""SickScanCommon",1072,- /rosout
1722883527301146715,,137,,1722883527,301023514,'',2,"""/sick_lms_5xx""","""Receiving","""/home/ivsg/catkin_ws/src/sick_scan_xd/driver/src/sick_scan_common.cpp""","""SickScanCommon",1078,- /rosout
1722883527301149980,,138,,1722883527,301042536,'',8,"""/sick_lms_5xx""","""SickScanFieldMonSingleton","""/home/ivsg/catkin_ws/src/sick_scan_xd/driver/src/sick_generic_field_mon.cpp""","""SickScanFieldMonSingleton",215,- /rosout
1722883527301151375,,139,,1722883527,301054127,'',2,"""/sick_lms_5xx""","""Sending","""/home/ivsg/catkin_ws/src/sick_scan_xd/driver/src/sick_scan_common.cpp""","""SickScanCommon",1072,- /rosout
1722883527301865457,,140,,1722883527,301768591,'',2,"""/sick_lms_5xx""","""Receiving","""/home/ivsg/catkin_ws/src/sick_scan_xd/driver/src/sick_scan_common.cpp""","""SickScanCommon",1078,- /rosout
1722883527301869241,,141,,1722883527,301789828,'',8,"""/sick_lms_5xx""","""SickScanFieldMonSingleton","""/home/ivsg/catkin_ws/src/sick_scan_xd/driver/src/sick_generic_field_mon.cpp""","""SickScanFieldMonSingleton",215,- /rosout
1722883527301870825,,142,,1722883527,301803674,'',2,"""/sick_lms_5xx""","""Sending","""/home/ivsg/catkin_ws/src/sick_scan_xd/driver/src/sick_scan_common.cpp""","""SickScanCommon",1072,- /rosout
1722883527302592739,,143,,1722883527,302497982,'',2,"""/sick_lms_5xx""","""Receiving","""/home/ivsg/catkin_ws/src/sick_scan_xd/driver/src/sick_scan_common.cpp""","""SickScanCommon",1078,- /rosout
1722883527302596250,,144,,1722883527,302518134,'',8,"""/sick_lms_5xx""","""SickScanFieldMonSingleton","""/home/ivsg/catkin_ws/src/sick_scan_xd/driver/src/sick_generic_field_mon.cpp""","""SickScanFieldMonSingleton",215,- /rosout
1722883527302622929,,145,,1722883527,302531498,'',2,"""/sick_lms_5xx""","""Sending","""/home/ivsg/catkin_ws/src/sick_scan_xd/driver/src/sick_scan_common.cpp""","""SickScanCommon",1072,- /rosout
1722883527303437625,,146,,1722883527,303366984,'',2,"""/sick_lms_5xx""","""Receiving","""/home/ivsg/catkin_ws/src/sick_scan_xd/driver/src/sick_scan_common.cpp""","""SickScanCommon",1078,- /rosout
1722883527303441628,,147,,1722883527,303386440,'',8,"""/sick_lms_5xx""","""SickScanFieldMonSingleton","""/home/ivsg/catkin_ws/src/sick_scan_xd/driver/src/sick_generic_field_mon.cpp""","""SickScanFieldMonSingleton",215,- /rosout
1722883527303492250,,148,,1722883527,303399338,'',2,"""/sick_lms_5xx""","""Sending","""/home/ivsg/catkin_ws/src/sick_scan_xd/driver/src/sick_scan_common.cpp""","""SickScanCommon",1072,- /rosout
1722883527304196622,,149,,1722883527,304088422,'',2,"""/sick_lms_5xx""","""Receiving","""/home/ivsg/catkin_ws/src/sick_scan_xd/driver/src/sick_scan_common.cpp""","""SickScanCommon",1078,- /rosout
1722883527304199527,,150,,1722883527,304107292,'',8,"""/sick_lms_5xx""","""SickScanFieldMonSingleton","""/home/ivsg/catkin_ws/src/sick_scan_xd/driver/src/sick_generic_field_mon.cpp""","""SickScanFieldMonSingleton",215,- /rosout
1722883527304201044,,151,,1722883527,304120363,'',2,"""/sick_lms_5xx""","""Sending","""/home/ivsg/catkin_ws/src/sick_scan_xd/driver/src/sick_scan_common.cpp""","""SickScanCommon",1072,- /rosout
1722883527304903875,,152,,1722883527,304784198,'',2,"""/sick_lms_5xx""","""Receiving","""/home/ivsg/catkin_ws/src/sick_scan_xd/driver/src/sick_scan_common.cpp""","""SickScanCommon",1078,- /rosout
1722883527304908504,,153,,1722883527,304801634,'',8,"""/sick_lms_5xx""","""SickScanFieldMonSingleton","""/home/ivsg/catkin_ws/src/sick_scan_xd/driver/src/sick_generic_field_mon.cpp""","""SickScanFieldMonSingleton",215,- /rosout
1722883527304916107,,154,,1722883527,304813119,'',2,"""/sick_lms_5xx""","""Sending","""/home/ivsg/catkin_ws/src/sick_scan_xd/driver/src/sick_scan_common.cpp""","""SickScanCommon",1072,- /rosout
1722883527305605945,,155,,1722883527,305515817,'',2,"""/sick_lms_5xx""","""Receiving","""/home/ivsg/catkin_ws/src/sick_scan_xd/driver/src/sick_scan_common.cpp""","""SickScanCommon",1078,- /rosout
1722883527305610443,,156,,1722883527,305535463,'',8,"""/sick_lms_5xx""","""SickScanFieldMonSingleton","""/home/ivsg/catkin_ws/src/sick_scan_xd/driver/src/sick_generic_field_mon.cpp""","""SickScanFieldMonSingleton",215,- /rosout
1722883527305615965,,157,,1722883527,305548102,'',2,"""/sick_lms_5xx""","""Sending","""/home/ivsg/catkin_ws/src/sick_scan_xd/driver/src/sick_scan_common.cpp""","""SickScanCommon",1072,- /rosout
1722883527306482816,,158,,1722883527,306374554,'',2,"""/sick_lms_5xx""","""Receiving","""/home/ivsg/catkin_ws/src/sick_scan_xd/driver/src/sick_scan_common.cpp""","""SickScanCommon",1078,- /rosout
1722883527306488378,,159,,1722883527,306405420,'',2,"""/sick_lms_5xx""","""Safety fieldset 0, pointcounter = [  0, 0, 0, 0, 0, 0, 0, 0, 0, 0, 0, 0, 0, 0, 0,\","""/home/ivsg/catkin_ws/src/sick_scan_xd/driver/src/sick_scan_common.cpp""","""SickScanCommon",3288,- /rosout
1722883527306765943,,160,,1722883527,306710203,'',2,"""/sick_lms_5xx""","""Sending","""/home/ivsg/catkin_ws/src/sick_scan_xd/driver/src/sick_scan_common.cpp""","""SickScanCommon",1072,- /rosout
1722883527307736306,,161,,1722883527,307682158,'',2,"""/sick_lms_5xx""","""Receiving","""/home/ivsg/catkin_ws/src/sick_scan_xd/driver/src/sick_scan_common.cpp""","""SickScanCommon",1078,- /rosout
1722883527307740705,,162,,1722883527,307702428,'',2,"""/sick_lms_5xx""","""Sending","""/home/ivsg/catkin_ws/src/sick_scan_xd/driver/src/sick_scan_common.cpp""","""SickScanCommon",1072,- /rosout
1722883527308666957,,163,,1722883527,308573885,'',2,"""/sick_lms_5xx""","""Receiving","""/home/ivsg/catkin_ws/src/sick_scan_xd/driver/src/sick_scan_common.cpp""","""SickScanCommon",1078,- /rosout
1722883527309471702,,164,,1722883527,309364454,'',2,"""/sick_lms_5xx""","""Sending","""/home/ivsg/catkin_ws/src/sick_scan_xd/driver/src/sick_scan_common.cpp""","""SickScanCommon",1072,- /rosout
1722883527310340054,,165,,1722883527,310193656,'',2,"""/sick_lms_5xx""","""Receiving","""/home/ivsg/catkin_ws/src/sick_scan_xd/driver/src/sick_scan_common.cpp""","""SickScanCommon",1078,- /rosout
1722883527310513639,,166,,1722883527,310449828,'',2,"""/sick_lms_5xx""","""sick_lms_5xx","""/home/ivsg/catkin_ws/src/sick_scan_xd/driver/src/sick_scan_common.cpp""","""SickScanCommon",3719,- /rosout
1722883527310740876,,167,,1722883527,310672312,'',2,"""/sick_lms_5xx""","""sick_lms_5xx","""/home/ivsg/catkin_ws/src/sick_scan_xd/driver/src/sick_scan_common.cpp""","""SickScanCommon",3724,- /rosout
1722883527310957937,,168,,1722883527,310885531,'',2,"""/sick_lms_5xx""","""sick_lms_5xx","""/home/ivsg/catkin_ws/src/sick_scan_xd/driver/src/sick_scan_common.cpp""","""SickScanCommon",3729,- /rosout
1722883527310961157,,169,,1722883527,310900881,'',2,"""/sick_lms_5xx""","""Sending","""/home/ivsg/catkin_ws/src/sick_scan_xd/driver/src/sick_scan_common.cpp""","""SickScanCommon",1072,- /rosout
1722883527311603583,,170,,1722883527,311542173,'',2,"""/sick_lms_5xx""","""Receiving","""/home/ivsg/catkin_ws/src/sick_scan_xd/driver/src/sick_scan_common.cpp""","""SickScanCommon",1078,- /rosout
1722883527311616520,,171,,1722883527,311559547,'',2,"""/sick_lms_5xx""","""Sending","""/home/ivsg/catkin_ws/src/sick_scan_xd/driver/src/sick_scan_common.cpp""","""SickScanCommon",1072,- /rosout
1722883527312403903,,172,,1722883527,312333968,'',2,"""/sick_lms_5xx""","""Receiving","""/home/ivsg/catkin_ws/src/sick_scan_xd/driver/src/sick_scan_common.cpp""","""SickScanCommon",1078,- /rosout
1722883527312407504,,173,,1722883527,312355337,'',2,"""/sick_lms_5xx""","""Sending","""/home/ivsg/catkin_ws/src/sick_scan_xd/driver/src/sick_scan_common.cpp""","""SickScanCommon",1072,- /rosout
1722883527313114562,,174,,1722883527,313056472,'',2,"""/sick_lms_5xx""","""Receiving","""/home/ivsg/catkin_ws/src/sick_scan_xd/driver/src/sick_scan_common.cpp""","""SickScanCommon",1078,- /rosout
1722883527313131855,,175,,1722883527,313078515,'',2,"""/sick_lms_5xx""","""Sending","""/home/ivsg/catkin_ws/src/sick_scan_xd/driver/src/sick_scan_common.cpp""","""SickScanCommon",1072,- /rosout
1722883527314255942,,176,,1722883527,314053205,'',2,"""/sick_lms_5xx""","""Receiving","""/home/ivsg/catkin_ws/src/sick_scan_xd/driver/src/sick_scan_common.cpp""","""SickScanCommon",1078,- /rosout
1722883527314264953,,177,,1722883527,314070537,'',2,"""/sick_lms_5xx""","""Sending","""/home/ivsg/catkin_ws/src/sick_scan_xd/driver/src/sick_scan_common.cpp""","""SickScanCommon",1072,- /rosout
1722883527315114333,,178,,1722883527,314952194,'',2,"""/sick_lms_5xx""","""Receiving","""/home/ivsg/catkin_ws/src/sick_scan_xd/driver/src/sick_scan_common.cpp""","""SickScanCommon",1078,- /rosout
1722883527315119063,,179,,1722883527,314970894,'',2,"""/sick_lms_5xx""","""Sending","""/home/ivsg/catkin_ws/src/sick_scan_xd/driver/src/sick_scan_common.cpp""","""SickScanCommon",1072,- /rosout
1722883527315858731,,180,,1722883527,315687526,'',2,"""/sick_lms_5xx""","""Receiving","""/home/ivsg/catkin_ws/src/sick_scan_xd/driver/src/sick_scan_common.cpp""","""SickScanCommon",1078,- /rosout
1722883527317808041,,181,,1722883527,317715413,'',2,"""/sick_lms_5xx""","""SickScanServices","""/home/ivsg/catkin_ws/src/sick_scan_xd/driver/src/sick_scan_services.cpp""","""SickScanServices",130,- /rosout
1722883527318168650,,182,,1722883527,318078416,'',2,"""/sick_lms_5xx""","""SickScanServices","""/home/ivsg/catkin_ws/src/sick_scan_xd/driver/src/sick_scan_services.cpp""","""SickScanServices",136,- /rosout
1722883527318477394,,183,,1722883527,318388688,'',2,"""/sick_lms_5xx""","""SickScanServices","""/home/ivsg/catkin_ws/src/sick_scan_xd/driver/src/sick_scan_services.cpp""","""SickScanServices",148,- /rosout
1722883527318785501,,184,,1722883527,318708603,'',2,"""/sick_lms_5xx""","""SickScanServices","""/home/ivsg/catkin_ws/src/sick_scan_xd/driver/src/sick_scan_services.cpp""","""SickScanServices",154,- /rosout
1722883527319140032,,185,,1722883527,319012116,'',2,"""/sick_lms_5xx""","""SickScanServices","""/home/ivsg/catkin_ws/src/sick_scan_xd/driver/src/sick_scan_services.cpp""","""SickScanServices",160,- /rosout
1722883527319453845,,186,,1722883527,319292937,'',2,"""/sick_lms_5xx""","""SickScanServices","""/home/ivsg/catkin_ws/src/sick_scan_xd/driver/src/sick_scan_services.cpp""","""SickScanServices",166,- /rosout
1722883527319628341,,187,,1722883527,319557053,'',2,"""/sick_lms_5xx""","""SickScanServices","""/home/ivsg/catkin_ws/src/sick_scan_xd/driver/src/sick_scan_services.cpp""","""SickScanServices",172,- /rosout
1722883527319636339,,188,,1722883527,319570380,'',2,"""/sick_lms_5xx""","""SickScanServices","""/home/ivsg/catkin_ws/src/sick_scan_xd/driver/src/sick_generic_laser.cpp""","""string, rosNodePtr, bool, int&)""",651,- /rosout
1722883527319638602,,189,,1722883527,319588610,'',2,"""/sick_lms_5xx""","""Setup completed, sick_scan_xd is up and running. Pointcloud is published on topic\","""/home/ivsg/catkin_ws/src/sick_scan_xd/driver/src/sick_generic_laser.cpp""","""string, rosNodePtr, bool, int&)""",669,- /rosout
1722883527320199124,,190,,1722883527,320094147,'',4,"""/sick_lms_5xx""","""Field 15 of received data is not equal to 0 (5). Unexpected data, ignoring scan\n""","""/home/ivsg/catkin_ws/src/sick_scan_xd/driver/src/sick_generic_parser.cpp""","""SickGenericParser",1253,- /rosout
1722883527320210423,,191,,1722883527,320120049,'',4,"""/sick_lms_5xx""","""Field 15 of received data is not equal to 0 (5). Unexpected data, ignoring scan\n""","""/home/ivsg/catkin_ws/src/sick_scan_xd/driver/src/sick_generic_parser.cpp""","""SickGenericParser",1253,- /rosout
1722883527399807490,,192,,1722883527,399643854,'',4,"""/sick_lms_5xx""","""Field 15 of received data is not equal to 0 (5). Unexpected data, ignoring scan\n""","""/home/ivsg/catkin_ws/src/sick_scan_xd/driver/src/sick_generic_parser.cpp""","""SickGenericParser",1253,- /rosout
1722883527406864308,,193,,1722883527,406668788,'',4,"""/sick_lms_5xx""","""Field 15 of received data is not equal to 0 (5). Unexpected data, ignoring scan\n""","""/home/ivsg/catkin_ws/src/sick_scan_xd/driver/src/sick_generic_parser.cpp""","""SickGenericParser",1253,- /rosout
1722883527464016456,,1,,1722883527,444902420,'',4,"""/SparkFun_GPS_node_RearRight""","""GPSSparkFunRearRight NTRIP System Disconnected""","""SparkFun_GPS_node.py""","""main""",300,- /GPS_SparkFun_RearRight_VTG
1722883539361968745,,6,,1722883539,361664717,'',2,"""/ousterO1/os_nodelet_mgr""","""No metadata file was specified, using","""/home/ivsg/catkin_ws/src/ouster-ros/src/os_sensor_nodelet.cpp""","""OusterSensor",116,- /rosout
1722883539362207873,,7,,1722883539,361898548,'',2,"""/ousterO1/os_nodelet_mgr""","""Wrote sensor metadata to 192.168.0-metadata.json""","""/home/ivsg/catkin_ws/src/ouster-ros/src/os_sensor_nodelet.cpp""","""OusterSensor",123,- /rosout
1722883539362257618,,8,,1722883539,361989557,'',2,"""/ousterO1/os_nodelet_mgr""","""ouster client version",v3.1.0\nlidar mode,"""/home/ivsg/catkin_ws/src/ouster-ros/src/os_sensor_nodelet_base.cpp""","""OusterSensorNodeletBase",49,- /rosout
1722883539365475494,,9,,1722883539,365142806,'',4,"""/ousterO1/os_nodelet_mgr""","""point_cloud_frame is set to sensor_frame. If you need  to reproject or raytrace the\",https,"""/home/ivsg/catkin_ws/src/ouster-ros/src/os_transforms_broadcaster.h""","""OusterTransformsBroadcaster",58,- /rosout
1722883539367706959,,10,,1722883539,367095876,'',2,"""/ousterO1/os_nodelet_mgr""","""reset service created""","""/home/ivsg/catkin_ws/src/ouster-ros/src/os_sensor_nodelet.cpp""","""OusterSensor",144,- /rosout
1722883539367846049,,11,,1722883539,367699736,'',2,"""/ousterO1/os_nodelet_mgr""","""get_metadata service created""","""/home/ivsg/catkin_ws/src/ouster-ros/src/os_sensor_nodelet_base.cpp""","""OusterSensorNodeletBase",32,- /rosout
1722883539368544273,,12,,1722883539,368282034,'',2,"""/ousterO1/os_nodelet_mgr""","""get_config service created""","""/home/ivsg/catkin_ws/src/ouster-ros/src/os_sensor_nodelet.cpp""","""OusterSensor",157,- /rosout
1722883539369014715,,13,,1722883539,368818699,'',2,"""/ousterO1/os_nodelet_mgr""","""set_config service created""","""/home/ivsg/catkin_ws/src/ouster-ros/src/os_sensor_nodelet.cpp""","""OusterSensor",194,- /rosout
